"Company Name","First Name","Last Name","Email Name","User Name","Password","site"
"DESIGN VENDORS",,,,,,"ftp://ftp.spe.sony.com/export/home/newftp/HOME_ENT/ihvdvd/Vendor"
,,,,,,
"Blink","MJ","Humenuik","mj@blinkdigital.com","mjhumenu","B1!nkDi6","to request new access… email ""SPE=Accounts"" and cc: Willy Vera"
"Blue Collar","Angie","Stout","astout@bluecollarproductions.com","blucollr","3412fvyH"
"The Cannery","Shannon","Foster","shannon@cannery.com","sfoster","shannon",
"Cimarron Group, The","Jen","Sheridan","jsheridan@cimarrongroup.com","jsherid","jen",
"Drissi Creative","Maria ","Endoza","mariae@drissimm.com","mendoza","maria",
"Drissi Creative","Winnie","Cheung","winniec@drissimm.com","wcheung","Winn!eC",
"DVD Center- Capra Bldg","Austen","Teofan","austen_teofan@spe.sony.com","ateofan","vm#Pr8!C",
"DVD Center- Capra Bldg","Lizz","Dabrowski -Moore","lizzdawbrowskimoore@spe.sony.com","ldabrow","H&cZ#yj6",
"Fluent","Julie","Bedard","jbedard@fluentadvertising.com","jbedard","39iK!gsm",
"McNulty Design","Jerry","McNulty","j@mcnultydesign.com","jmcnulty","jerry",
"New Wave Entertainment","Vicki ","Shively","vshively@nwe.com","vshively","vicki",
"New Wave Entertainment","Paul","Schneider","pschneider@nwe.com","pschneid","paul",
"Renie Design","Cindy","Renie","cindy@reniedesign.com","crenie","cindy",
"Tovar","Anita","Lerman","anita@tovardesign.com","alehrman","An!+aLmn",
"Taber design","Robin","Taber","robin.taber@verizon.net","rtaber","Jacoyhol",
"Trailer Park","Sheree","Carrigan","sheree.carrigan@trailerpark.com","scarriga","$hereeC",
"Trailer Park","Kevin ","Van Belois","kevin.vanbelois@trailerpark.com","kvanbel","Kev!nVB",
,,,,,,
"SPHE INTERNATIONAL OFFICES",,,,,,
,,,,,,
"Japan","Michi ","Nakajima","michi_nakajima@spe.sony.com","mnakajim","h&#mW23c",
,"Masaki ","Hayashi","masaki_hayashi@spe.sony.com","mhayashi","B83e#p0!",
,"Noriko","Tachibana","noriko_tachibana@spe.sony.com","tachiban","34f6hUN4",
,,,,,,
"France","Flora","Taupenot","flora_taupenot@spe.sony.com","ftaupeno","ft6H3eD2",
,"Isabelle ","Rouland","isabelle_rouland@spe.sony.com","irouland","i8KL5t4R",
,,,,,,
"Germany","Cora","Brauchle","cora_brauchle@spe.sony.com","brauchle","MH7ug4r3",
,"Angela","Kuebrich","angela_kuebrich@spe.sony.com","akuebric","m987C54r",
,,,,,,
"Italy","Michela ","Lucano","michela_lucano@spe.sony.com","mlucano","yh9I543e",
,"Simona ","Pallotta","simona_pallotta@spe.sony.com","spallott","2wbK9352",
,,,,,,
"Spain","Abaira ","Guiones","verification@soundub.com","abaira","12d6Hktv",
,"Marival","Ureta","marival_ureta@spe.sony.com","mureta","34g78H98",
,,,,,,
"Thailand","Anchaliga","Jinaparroon","anchaliga_ji@pacificmeg.com","jinaparr","3xbm654L",
,,,,,,
"China","Justine","Hung","justinehung@erahk.com","jhung","56v3s23N",
,,,,,,
"Korea","Jae ","Won Choi","jae_won_choi@spe.sony.com","jwchoi","j78b146G",
,,,,,,
"Mexico","Sharon","Kahan","sharon_kahan@spe.sony.com","skahan","hvdd13f5",
,,,,,,
"Brazil","Gisele","Faustino","gisele_faustino@spe.sony.com","gfaustin","Au$t!n",
,,,,,,
"Australia","Meilin","Potter","meilin_potter@spe.sony.com","mpotter","r8At82",
,"Natalie","Coville","natalie_coville@spe.sony.com","ncoville","S2g128",
,,,,,,
"Russia","Dmitry","Prikazchikov",," dprikaz","2Ctgd78>",
,,,,,,
"SPHE MENUS",,,,,,
,"David","Glassner","david_glassner@spe.sony.com","dglassne","YRtP6q7y",
,"Holly","Welch","holly_welch@spe.sony.com","hwelch","rafdbqsr",
,"Jennifer ","Roy","jennifer_roy@spe.sony.com"," jroy","98?ftn5x",
,"Eric","Hindes","eric_hindes@spe.sony.com","ehindes","Er!cH",
,"Deb","LaValle","deborah_lavalle@spe.sony.com","dlavalle","Deb0r@hL",
,,,,,,
"SPHE Print Production","Cesar","Morales","cesar_morales@spe.sony.com","morales","2ervT426",
,,,,,,
,,,,,,
,,,,,,
,,,,,,
,,,,,,
,,,,,,
,,,,,,
,,,,,,
,,,,,,
,,,,,,
,,,,,,
,,,,,,
,,,,,,
,,,,,,
,,,,,,
,,,,,,
,,,,,,
,,,,,,
,,,,,,
,,,,,,
,,,,,,
,,,,,,
,,,,,,
,,,,,,
,,,,,,
,,,,,,
,,,,,,
,,,,,,
,,,,,,
,,,,,,
,,,,,,
,,,,,,
,,,,,,
,,,,,,
,,,,,,
"DESIGN VENDORS",,,"NEW","NEW",,,,
"Company Name","Folder Name","Action","User Name","Password","First Name","Last Name","Email Name","site"
"The Cannery","Canned_Interactive","changed to Cannery","cannery","$+e!nbeck","Shannon","Foster","shannon@cannery.com",
"DVD Center- Capra Bldg","DVD_Center","changed to DAC","sonydac","SdOaNcY","Lizz","Dabrowski -Moore","lizz.dabrowski.moore@spe.sony.com"
"DVD Center- Capra Bldg","DVD_Center",,"mschwar","?","Michael","Schwartz",
"Boiling Point","Boiling_Point","create","boiling","100degC","Paul","Slocum","paul@bpointcreative.com"
"Build Media","Build_Media","create","build","Humenu!k","MJ","Humenuik","mjh9@mac.com"
"DDF Design","DDF_Design","create","doug","DeF0re$+","Doug","DeForest","douggy@mail.com",
"Deadline","Deadline","create","deadline","KarenB","Karen ","Bosch","karen@dead-line.com",
"Framework","Framework","create","framewrk","We1chTJ","TJ","Welch","tj@frameworkla.com",
"Drissi Creative","Drissi","deleted",,,,,,
"DZN","DZN","deleted",,,,,,
"Mirage","Mirage","deleted",,,,,,
"Renie Design","Renie_Design","deleted",,,"Cindy","Renie","cindy@reniedesign.com",
"Blink","Blink",,"blink","Au$+enT","Austen","Teofan","ateofan@blinkdigital.com",
"Blue Collar","Blue_Collar",,"bcollar","W0rkC1as$","Angie","Stout","astout@bluecollarproductions.com",
"Cimarron Group, The","Cimarron",,"cimarron","J$her!dan","Jen","Sheridan","jsheridan@cimarrongroup.com",
"Deluxe","Deluxe",,"deluxe","Hea+herA","Heather","Arlt","heather.arlt@bydeluxe.com",
"Deluxe","Deluxe",,"tcopat","?","Tara","Copat",,
"Deluxe","Deluxe",,"wkryah","?","Wendy","Kryah",,
"Fluent","fluent",,"fluent","Jul!eB","Julie","Bedard","jbedard@fluentadvertising.com",
"McNulty Design","McNulty",,"jmcnulty","jerry","Jerry","McNulty","j@mcnultydesign.com",
"New Wave Entertainment","New_Wave",,"nwe ","R!chV","Rich","Virola","rvirola@nwe.com",
"Taber design","Robin_Taber",,"rtaber","Jacoyhol","Robin","Taber","robin.taber@verizon.net",
"TCS Creative","TCS_Creative",,"tcs","Mar+yK","Marty ","Kossoff","marty.kossoff@technicolor.com",
"Tovar","Tovar",,"tovar","An!taL","Anita","Lerman","tovardesign@earthlink.net",
"Trailer Park","Trailer_Park",,"trailer","Kev!nVB","Kevin ","Van Belois","kevin.vanbelois@trailerpark.com",
,,,,,,,,
,,,,,,,,
"ALL OF THE FOLLOWING USER NAMES SHOULD BE DELETED",,,,,,,,
,"User Name","Password",,,,,,
,,,,,,,,
,"mjhumenu","B1!nkDi6","deleted",,,,,
,"blucollr","3412fvyH","deleted",,,,,
,"sfoster","shannon","deleted",,,,,
,"jsherid","jen","deleted",,,,,
,"mendoza","maria","deleted",,,,,
,"wcheung","Winn!eC","deleted",,,,,
,"ateofan","vm#Pr8!C","deleted",,,,,
,"ldabrow","H&cZ#yj6","deleted",,,,,
,"jbedard","39iK!gsm","deleted",,,,,
,"vshively","vicki","deleted",,,,,
,"pschneid","paul","deleted",,,,,
,"crenie","cindy","deleted",,,,,
,"alehrman","An!+aLmn","deleted",,,,,
,"scarriga","$hereeC","deleted",,,,,
,"kvanbel","Kev!nVB","deleted",,,,,
,"morales","2ervT426","deleted",,,,,
,,,,,,,,
,,,,,,,,
,,,,,,,,
,,,,,,,,
,,,,,,,,
,,,,,,,,
,,,,,,,,
,,,,,,,,
,,,,,,,,
,,,,,,,,
,,,,,,,,
,,,,,,,,
,,,,,,,,
,,,,,,,,
,,,,,,,,
,,,,,,,,
,,,,,,,,
,,,,,,,,
,,,,,,,,
,,,,,,,,
,,,,,,,,
,,,,,,,,
,,,,,,,,
,,,,,,,,
,,,,,,,,
,,,,,,,,
,,,,,,,,
"DESIGN VENDORS",,,,,,
,,,,,,
"to request new access… email ""SPE=Accounts"" and cc: Willy Vera","ftp://speftp.spe.sony.com/",,,,,
"Company Name","Folder Name","First Name","Last Name","Email Name","User Name","Password"
"Blink","Blink","Austen","Teofan","ateofan@blinkdigital.com","blink","Au$+enT",,"Aileen for licensor 11/26/12"
"Blue Collar","Blue_Collar","Angie","Stout","astout@bluecollarproductions.com","bcollar","W0rkC1as$",,"For Blue Collar"
"Boiling Point","Boiling_Point","Paul","Slocum","paul@bpointcreative.com","boiling","100degC",,"Karri - Trevor Baker for Tech Scout 2/12/13"
"Build Media","Build_Media","MJ","Humenuik","mjh9@mac.com","build","Humenu!k",,"Active for Build Media"
"Cannery","Cannery","Shannon","Foster","s.foster@cannery.com","cannery","$+e!nbeck",,"Given to DAC to user for a transfer to Criterion"
"Cimarron Group, The","Cimarron","Jen","Sheridan","jsheridan@cimarrongroup.com","cimarron","J$her!dan",,"For Cimarron"
"DDF Design","DDF_Design","Doug","DeForest","douggy@mail.com","doug","DeF0re$+",,"Karri - 5/21 used for Target/BB Clips"
"Deadline","Deadline","Karen ","Bosch","karen@dead-line.com","deadline","KarenB",,"Joe 11/20/12 - for Zero Dark 30"
"Deluxe","Deluxe","Heather","Arlt","heather.arlt@bydeluxe.com","deluxe","Hea+herA",,
"DVD Center- Capra Bldg","DAC","Lizz","Dabrowski -Moore","lizz.dabrowski.moore@spe.sony.com","sonydac","SdOaNcY",,
"Fluent","fluent","Julie","Bedard","jbedard@fluentadvertising.com","fluent","Jul!eB",,
"Framework","Framework","TJ","Welch","tj@frameworkla.com","framewrk","We1chTJ",,"Joe B 10/18/12"
"McNulty Design","McNulty","Jerry","McNulty","j@mcnultydesign.com","jmcnulty","jerry",,"Deb 3/7/13 -used for Drop Dead Diva"
"New Wave Entertainment","New_Wave","Rich","Virola","rvirola@nwe.com","nwe ","R!chV",,
"Taber design","Robin_Taber","Robin","Taber","robin.taber@verizon.net","rtaber","Jacoyhol",,"Aileen used for vendor on 7/25/12"
"TCS Creative","TCS_Creative","Marty ","Kossoff","marty.kossoff@technicolor.com","tcs","Mar+yK",,"Deb used for Tracey upload on 1/15/14"
"Tovar","Tovar","Anita","Lerman","tovardesign@earthlink.net","tovar","An!taL",,
"Trailer Park","Trailer_Park","Kevin ","Van Belois","kevin.vanbelois@trailerpark.com","trailer","Kev!nVB",,"For Trailer Park"
,,,,,,
"SPHE INTERNATIONAL OFFICES",,,,,,
"Company Name","Folder Name","First Name","Last Name","Email Name","User Name","Password"
,,,
"Japan",,"Michi ","Nakajima","michi_nakajima@spe.sony.com","mnakajim","h&#mW23c"
,,"Masaki ","Hayashi","masaki_hayashi@spe.sony.com","mhayashi","B83e#p0!"
,,"Noriko","Tachibana","noriko_tachibana@spe.sony.com","tachiban","34f6hUN4"
,,
"France",,"Flora","Taupenot","flora_taupenot@spe.sony.com","ftaupeno","ft6H3eD2"
,,"Isabelle ","Rouland","isabelle_rouland@spe.sony.com","irouland","i8KL5t4R"
,,,,,,
"Germany",,"Cora","Brauchle","cora_brauchle@spe.sony.com","brauchle","MH7ug4r3"
,,"Angela","Kuebrich","angela_kuebrich@spe.sony.com","akuebric","m987C54r"
,,,,,,
"Italy",,"Michela ","Lucano","michela_lucano@spe.sony.com","mlucano","yh9I543e"
,,"Simona ","Pallotta","simona_pallotta@spe.sony.com","spallott","2wbK9352"
,,,,,,
"Spain",,"Abaira ","Guiones","verification@soundub.com","abaira","12d6Hktv"
,,"Marival","Ureta","marival_ureta@spe.sony.com","mureta","34g78H98"
,,,,,,
"Thailand",,"Anchaliga","Jinaparroon","anchaliga_ji@pacificmeg.com","jinaparr","3xbm654L"
,,,,,,
"China",,"Justine","Hung","justinehung@erahk.com","jhung","56v3s23N"
,,,,,,
"Korea",,"Jae ","Won Choi","jae_won_choi@spe.sony.com","jwchoi","j78b146G"
,,,,,,
"Mexico",,"Sharon","Kahan","sharon_kahan@spe.sony.com","skahan","hvdd13f5"
,,,,,,
"Brazil",,"Gisele","Faustino","gisele_faustino@spe.sony.com","gfaustin","Au$t!n"
"Australia",,"Meilin","Potter","meilin_potter@spe.sony.com","mpotter","r8At82"
,,"Natalie","Coville","natalie_coville@spe.sony.com","ncoville","S2g128"
,,,,
"Russia",,"Dmitry","Prikazchikov",," dprikaz","2Ctgd78>"
,,,,,,
"SPHE AV/MENU MANAGERS",
,,"David","Glassner","david_glassner@spe.sony.com","dglassne","YRtP6q7y"
,,"Holly","Welch","holly_welch@spe.sony.com","hwelch","rafdbqsr"
,,"Jennifer ","Roy","jennifer_roy@spe.sony.com"," jroy","98?ftn5x"
,,"Eric","Hindes","eric_hindes@spe.sony.com","ehindes","Er!cH"
,,"Deb","Lavalle","deborah_lavalle@spe.sony.com","dlavalle","Deb0r@hL"
,,"Aileen","Cho",,"acho","A!1e3nC"
,,"Karri","Lucas",,"klucas","Karr!L"
,,"Heather","Serrano",,"hserrano","H3a+her$"
,,,,,,
,,,,,,
,,,,,,
,,,,,,
,,,,,,
,,,,,,
,,,,,,
,,,,,,
,,,,,,
,,,,,,
,,,,,,
,,,,,,
,,,,,,
,,,,,,
,,,,,,
,,,,,,
,,,,,,
,,,,,,
,,,,,,
,,,,,,
,,,,,,
,,,,,,
,,,,,,
,,,,,,
,,,,,,
,,,,,,
,,,,,,
,,,,,,
,,,,,,
,,,,,,
,,,,,,
,,,,,,
"Company","User Name","Password"
"Radius 60","SPHE_Menus","Ssme**349"
"Framework","sonyhe","sony2008"
